track_ID,trackName,trackDescription,event_ID,SSMA_TimeStamp,datecreated,datemodified,tracktype
1,Education,,gc06,"{length = 8, bytes = 0x0000000000293e84}",2011-01-01 00:00:00.000,2011-01-01 00:00:00.000,Track
2,Finance,,gc06,"{length = 8, bytes = 0x0000000000293e85}",2011-01-01 00:00:00.000,2011-01-01 00:00:00.000,Track
3,Regions,,gc06,"{length = 8, bytes = 0x0000000000293e86}",2011-01-01 00:00:00.000,2011-01-01 00:00:00.000,Track
5,Health,,gc06,"{length = 8, bytes = 0x0000000000293e87}",2011-01-01 00:00:00.000,2011-01-01 00:00:00.000,Track
6,Family Program,,gc06,"{length = 8, bytes = 0x0000000000293e88}",2011-01-01 00:00:00.000,2011-01-01 00:00:00.000,Track
7,Industries,,gc06,"{length = 8, bytes = 0x0000000000293e89}",2011-01-01 00:00:00.000,2011-01-01 00:00:00.000,Track
8,Media,,gc06,"{length = 8, bytes = 0x0000000000293e8a}",2011-01-01 00:00:00.000,2011-01-01 00:00:00.000,Track
9,Climate,,gc06,"{length = 8, bytes = 0x0000000000293e8b}",2011-01-01 00:00:00.000,2011-01-01 00:00:00.000,Track
10,Education,,gc07,"{length = 8, bytes = 0x0000000000293e8c}",2011-01-01 00:00:00.000,2011-01-01 00:00:00.000,Track
11,Finance,,gc07,"{length = 8, bytes = 0x0000000000293e8d}",2011-01-01 00:00:00.000,2011-01-01 00:00:00.000,Track
12,Regions,,gc07,"{length = 8, bytes = 0x0000000000293e8e}",2011-01-01 00:00:00.000,2011-01-01 00:00:00.000,Track
13,Industries,,gc07,"{length = 8, bytes = 0x0000000000293e8f}",2011-01-01 00:00:00.000,2011-01-01 00:00:00.000,Track
14,Health,,gc07,"{length = 8, bytes = 0x0000000000293e90}",2011-01-01 00:00:00.000,2011-01-01 00:00:00.000,Track
15,Media,,gc07,"{length = 8, bytes = 0x0000000000293e91}",2011-01-01 00:00:00.000,2011-01-01 00:00:00.000,Track
16,Climate/Energy,,gc07,"{length = 8, bytes = 0x0000000000293e92}",2011-01-01 00:00:00.000,2011-01-01 00:00:00.000,Track
18,Philanthropy,,gc07,"{length = 8, bytes = 0x0000000000293e93}",2011-01-01 00:00:00.000,2011-01-01 00:00:00.000,Track
19,Finance,,gc08,"{length = 8, bytes = 0x0000000000293e94}",2011-01-01 00:00:00.000,2011-01-01 00:00:00.000,Track
20,Education,,gc08,"{length = 8, bytes = 0x0000000000293e95}",2011-01-01 00:00:00.000,2011-01-01 00:00:00.000,Track
21,Health/Medical Research,,gc08,"{length = 8, bytes = 0x0000000000293e96}",2011-01-01 00:00:00.000,2011-01-01 00:00:00.000,Track
22,Philanthropy,,gc08,"{length = 8, bytes = 0x0000000000293e97}",2011-01-01 00:00:00.000,2011-01-01 00:00:00.000,Track
23,Climate/Energy,,gc08,"{length = 8, bytes = 0x0000000000293e98}",2011-01-01 00:00:00.000,2011-01-01 00:00:00.000,Track
24,Regions,,gc08,"{length = 8, bytes = 0x0000000000293e99}",2011-01-01 00:00:00.000,2011-01-01 00:00:00.000,Track
25,Industries,,gc08,"{length = 8, bytes = 0x0000000000293e9a}",2011-01-01 00:00:00.000,2011-01-01 00:00:00.000,Track
26,Media,,gc08,"{length = 8, bytes = 0x0000000000293e9b}",2011-01-01 00:00:00.000,2011-01-01 00:00:00.000,Track
27,Education,,gc09,"{length = 8, bytes = 0x0000000000293e9c}",2011-01-01 00:00:00.000,2011-01-01 00:00:00.000,Track
28,Finance,,gc09,"{length = 8, bytes = 0x0000000000293e9d}",2011-01-01 00:00:00.000,2011-01-01 00:00:00.000,Track
29,Industry,,gc09,"{length = 8, bytes = 0x0000000000293e9e}",2011-01-01 00:00:00.000,2011-01-01 00:00:00.000,Track
30,Regions,,gc09,"{length = 8, bytes = 0x0000000000293e9f}",2011-01-01 00:00:00.000,2011-01-01 00:00:00.000,Track
32,Energy,,gc09,"{length = 8, bytes = 0x0000000000293ea0}",2011-01-01 00:00:00.000,2011-01-01 00:00:00.000,Track
33,Philanthropy,,gc09,"{length = 8, bytes = 0x0000000000293ea1}",2011-01-01 00:00:00.000,2011-01-01 00:00:00.000,Track
34,Health,,gc09,"{length = 8, bytes = 0x0000000000293ea2}",2011-01-01 00:00:00.000,2011-01-01 00:00:00.000,Track
35,Media,,gc09,"{length = 8, bytes = 0x0000000000293ea3}",2011-01-01 00:00:00.000,2011-01-01 00:00:00.000,Track
36,Other,,gc09,"{length = 8, bytes = 0x0000000000293ea4}",2011-01-01 00:00:00.000,2011-01-01 00:00:00.000,Track
37,Government,,gc09,"{length = 8, bytes = 0x0000000000293ea5}",2011-01-01 00:00:00.000,2011-01-01 00:00:00.000,Track
38,Finance,NULL,gc10,"{length = 8, bytes = 0x0000000000293ea6}",2011-01-01 00:00:00.000,2011-01-01 00:00:00.000,Track
39,Regions,NULL,gc10,"{length = 8, bytes = 0x0000000000293ea7}",2011-01-01 00:00:00.000,2011-01-01 00:00:00.000,Track
40,Industries,NULL,gc10,"{length = 8, bytes = 0x0000000000293ea8}",2011-01-01 00:00:00.000,2011-01-01 00:00:00.000,Track
41,Health,NULL,gc10,"{length = 8, bytes = 0x0000000000293ea9}",2011-01-01 00:00:00.000,2011-01-01 00:00:00.000,Track
42,Education,NULL,gc10,"{length = 8, bytes = 0x0000000000293eaa}",2011-01-01 00:00:00.000,2011-01-01 00:00:00.000,Track
43,Media,NULL,gc10,"{length = 8, bytes = 0x0000000000293eab}",2011-01-01 00:00:00.000,2011-01-01 00:00:00.000,Track
44,Climate/Energy,NULL,gc10,"{length = 8, bytes = 0x0000000000293eac}",2011-01-01 00:00:00.000,2011-01-01 00:00:00.000,Track
45,Government,NULL,gc10,"{length = 8, bytes = 0x0000000000293ead}",2011-01-01 00:00:00.000,2011-01-01 00:00:00.000,Track
46,Other,NULL,gc10,"{length = 8, bytes = 0x0000000000293eae}",2011-01-01 00:00:00.000,2011-01-01 00:00:00.000,Track
47,Finance,NULL,gc11,"{length = 8, bytes = 0x0000000000293eaf}",2011-01-01 00:00:00.000,2011-01-01 00:00:00.000,Track
48,Energy,NULL,gc11,"{length = 8, bytes = 0x0000000000293eb0}",2011-01-01 00:00:00.000,2011-01-01 00:00:00.000,Track
49,Education,NULL,gc11,"{length = 8, bytes = 0x0000000000293eb1}",2011-01-01 00:00:00.000,2011-01-01 00:00:00.000,Track
50,Government,NULL,gc11,"{length = 8, bytes = 0x0000000000293eb2}",2011-01-01 00:00:00.000,2011-01-01 00:00:00.000,Track
51,Health/Medical Research,NULL,gc11,"{length = 8, bytes = 0x0000000000293eb3}",2011-01-01 00:00:00.000,2011-01-01 00:00:00.000,Track
52,Industry,NULL,gc11,"{length = 8, bytes = 0x0000000000293eb4}",2011-01-01 00:00:00.000,2011-01-01 00:00:00.000,Track
53,Media,NULL,gc11,"{length = 8, bytes = 0x0000000000293eb5}",2011-01-01 00:00:00.000,2011-01-01 00:00:00.000,Track
54,Regions,NULL,gc11,"{length = 8, bytes = 0x0000000000293eb6}",2011-01-01 00:00:00.000,2011-01-01 00:00:00.000,Track
55,Philanthropy,NULL,gc11,"{length = 8, bytes = 0x0000000000293eb7}",2011-01-01 00:00:00.000,2011-01-01 00:00:00.000,Track
56,Education,NULL,gc12,"{length = 8, bytes = 0x0000000000293eb8}",2011-01-01 00:00:00.000,2011-01-01 00:00:00.000,Track
57,Regions,NULL,gc12,"{length = 8, bytes = 0x0000000000293eb9}",2011-01-01 00:00:00.000,2011-01-01 00:00:00.000,Track
58,Finance,NULL,gc12,"{length = 8, bytes = 0x0000000000293eba}",2011-01-01 00:00:00.000,2011-01-01 00:00:00.000,Track
59,Energy,NULL,gc12,"{length = 8, bytes = 0x0000000000293ebb}",2011-01-01 00:00:00.000,2011-01-01 00:00:00.000,Track
61,Health,NULL,gc12,"{length = 8, bytes = 0x0000000000293ebc}",2011-01-01 00:00:00.000,2011-01-01 00:00:00.000,Track
62,Government,NULL,gc12,"{length = 8, bytes = 0x0000000000293ebd}",2011-01-01 00:00:00.000,2011-01-01 00:00:00.000,Track
64,Industry,NULL,gc12,"{length = 8, bytes = 0x0000000000293ebe}",2011-01-01 00:00:00.000,2011-01-01 00:00:00.000,Track
67,Media,NULL,gc12,"{length = 8, bytes = 0x0000000000293ebf}",2011-01-01 00:00:00.000,2011-01-01 00:00:00.000,Track
68,Philanthropy,NULL,gc12,"{length = 8, bytes = 0x0000000000293ec0}",2011-01-01 00:00:00.000,2011-01-01 00:00:00.000,Track
70,Successful Aging,NULL,gc12,"{length = 8, bytes = 0x0000000000293ec1}",2012-03-20 09:47:59.143,2012-03-20 09:47:59.143,Track
71,Finance,NULL,gc13,"{length = 8, bytes = 0x0000000000293ec2}",2012-11-28 12:04:25.813,2012-11-28 12:04:25.813,Track
72,Education,NULL,gc13,"{length = 8, bytes = 0x0000000000293ec3}",2012-11-28 12:04:47.940,2012-11-28 12:04:47.940,Track
73,Energy,NULL,gc13,"{length = 8, bytes = 0x0000000000293ec4}",2012-11-28 12:05:09.347,2012-11-28 12:05:09.347,Track
74,Government,NULL,gc13,"{length = 8, bytes = 0x0000000000293ec5}",2012-11-28 12:05:27.757,2012-11-28 12:05:27.757,Track
75,Health ,NULL,gc13,"{length = 8, bytes = 0x0000000000293ec6}",2012-11-28 12:06:21.380,2013-04-04 16:26:04.000,Track
76,Industry,NULL,gc13,"{length = 8, bytes = 0x0000000000293ec7}",2012-11-28 12:06:37.737,2012-11-28 12:06:37.737,Track
77,Philanthropy and Social Capital,NULL,gc13,"{length = 8, bytes = 0x0000000000293ec8}",2012-11-28 12:07:26.317,2013-04-05 09:54:26.000,Track
78,Regional,NULL,gc13,"{length = 8, bytes = 0x0000000000293ec9}",2012-11-28 12:07:41.120,2012-11-28 12:07:41.120,Track
79,Media ,NULL,gc13,"{length = 8, bytes = 0x0000000000293eca}",2013-01-18 14:31:56.370,2013-04-04 16:26:14.000,Track
80,Human Capital,NULL,gc13,"{length = 8, bytes = 0x0000000000293ecb}",2013-03-04 16:30:14.947,2013-03-04 16:30:14.947,Track
81,Finance,NULL,GC14,"{length = 8, bytes = 0x0000000000293ecc}",2013-12-27 13:02:59.207,2013-12-27 13:02:59.207,Track
82,Energy,NULL,GC14,"{length = 8, bytes = 0x0000000000293ecd}",2013-12-27 13:03:06.953,2013-12-27 13:03:06.953,Track
83,Education,NULL,GC14,"{length = 8, bytes = 0x0000000000293ece}",2013-12-27 13:03:17.360,2013-12-27 13:03:17.360,Track
84,Government,NULL,GC14,"{length = 8, bytes = 0x0000000000293ecf}",2013-12-27 13:03:22.440,2013-12-27 13:03:22.440,Track
85,Industry,,GC14,"{length = 8, bytes = 0x0000000000293eec}",2013-12-27 13:03:27.140,2013-12-27 13:03:27.140,Theme
86,Regions,NULL,GC14,"{length = 8, bytes = 0x0000000000293ed1}",2013-12-27 13:03:39.897,2013-12-27 13:03:39.897,Track
87,Health,NULL,GC14,"{length = 8, bytes = 0x0000000000293ed2}",2013-12-27 13:03:46.560,2013-12-27 13:03:46.560,Track
88,"Media, Entertainment, and Technology",NULL,GC14,"{length = 8, bytes = 0x0000000000293ed3}",2013-12-27 13:33:32.857,2014-03-22 20:28:53.000,Track
89,Philanthropy,NULL,GC14,"{length = 8, bytes = 0x0000000000293ed4}",2013-12-27 13:33:40.780,2013-12-27 13:33:40.780,Track
90,Jobs and Human Capital,NULL,GC14,"{length = 8, bytes = 0x0000000000293ed5}",2013-12-27 18:32:52.720,2014-03-22 20:28:12.000,Track
91,Education,NULL,Portland14,"{length = 8, bytes = 0x0000000000293ed6}",2014-01-08 10:20:58.260,2014-01-08 10:20:58.260,Track
92,Health,NULL,Portland14,"{length = 8, bytes = 0x0000000000293ed7}",2014-01-08 10:21:05.250,2014-01-08 10:21:05.250,Track
93,Job Creation,NULL,Portland14,"{length = 8, bytes = 0x0000000000293ed8}",2014-01-08 10:21:13.067,2014-01-08 10:21:13.067,Track
94,Economic Development,NULL,Portland14,"{length = 8, bytes = 0x0000000000293ed9}",2014-01-08 10:21:19.460,2014-01-08 10:21:19.460,Track
95,Aging and Longevity ,,GC14,"{length = 8, bytes = 0x0000000000293ee3}",2014-04-03 15:47:52.013,2014-04-03 15:47:52.013,Track
97,Test Track,Test Track only,California14,"{length = 8, bytes = 0x0000000000293edb}",2014-10-23 15:21:28.157,2014-10-23 15:21:28.157,Track
101,Media/Technology,,GC15,"{length = 8, bytes = 0x000000000029e0b7}",2014-12-29 13:12:59.790,2014-12-29 13:12:59.790,Track
102,Education,,GC15,"{length = 8, bytes = 0x0000000000293fb8}",2014-12-29 13:13:05.710,2014-12-29 13:13:05.710,Track
103,Medical Research & Public Health ,,GC15,"{length = 8, bytes = 0x000000000029e0b4}",2014-12-29 13:13:13.240,2014-12-29 13:13:13.240,Track
104,Industry,,GC15,"{length = 8, bytes = 0x0000000000293fba}",2014-12-29 13:13:20.037,2014-12-29 13:13:20.037,Track
105,Regions/Developing Markets,,GC15,"{length = 8, bytes = 0x000000000029e1e0}",2014-12-29 13:13:29.680,2014-12-29 13:13:29.680,Track
106,Philanthropy & Impact Investing,,GC15,"{length = 8, bytes = 0x000000000029e0b8}",2014-12-29 13:13:38.710,2014-12-29 13:13:38.710,Track
107,Jobs & Human Capital,,GC15,"{length = 8, bytes = 0x000000000029e0b6}",2014-12-29 13:13:51.423,2014-12-29 13:13:51.423,Track
108,Finance,,GC15,"{length = 8, bytes = 0x0000000000293fbe}",2014-12-29 13:14:00.210,2014-12-29 13:14:00.210,Track
109,Government,,GC15,"{length = 8, bytes = 0x0000000000293fbf}",2014-12-29 13:14:06.020,2014-12-29 13:14:06.020,Track
110,Energy & the Environment,,GC15,"{length = 8, bytes = 0x000000000029e0b3}",2014-12-29 13:14:16.850,2014-12-29 13:14:16.850,Track
111,Women,,GC15,"{length = 8, bytes = 0x0000000000293fc1}",2014-12-29 13:14:30.620,2014-12-29 13:14:30.620,Theme
115,Aging & Longevity ,,GC15,"{length = 8, bytes = 0x000000000029e0b2}",2015-03-19 09:32:13.957,2015-03-19 09:32:13.957,Track
116,Aging & Longevity,,GC16,"{length = 8, bytes = 0x00000000002abae4}",2015-11-19 14:01:16.330,2015-11-19 14:01:16.330,Track
117,Education,,GC16,"{length = 8, bytes = 0x00000000002abae5}",2015-11-19 14:01:21.920,2015-11-19 14:01:21.920,Track
118,Energy & the Environment,,GC16,"{length = 8, bytes = 0x00000000002abae6}",2015-11-19 14:01:27.980,2015-11-19 14:01:27.980,Track
119,Finance,,GC16,"{length = 8, bytes = 0x00000000002abae7}",2015-11-19 14:01:32.573,2015-11-19 14:01:32.573,Track
120,Government,,GC16,"{length = 8, bytes = 0x00000000002abae8}",2015-11-19 14:01:38.963,2015-11-19 14:01:38.963,Track
121,Industry,,GC16,"{length = 8, bytes = 0x00000000002abae9}",2015-11-19 14:01:44.713,2015-11-19 14:01:44.713,Track
122,Jobs & Human Capital,,GC16,"{length = 8, bytes = 0x00000000002abaea}",2015-11-19 14:01:51.137,2015-11-19 14:01:51.137,Track
123,Media & Technology,,GC16,"{length = 8, bytes = 0x00000000002abaeb}",2015-11-19 14:02:03.510,2015-11-19 14:02:03.510,Track
124,Medical Research & Public Health ,,GC16,"{length = 8, bytes = 0x00000000002abaec}",2015-11-19 14:02:08.980,2015-11-19 14:02:08.980,Track
125,Philanthropy & Impact Investing,,GC16,"{length = 8, bytes = 0x00000000002abaed}",2015-11-19 14:02:14.590,2015-11-19 14:02:14.590,Track
126,Regions & Developing Markets,,GC16,"{length = 8, bytes = 0x00000000002abaee}",2015-11-19 14:02:21.033,2015-11-19 14:02:21.033,Track
128,Aging & Longevity,NULL,GC17,"{length = 8, bytes = 0x00000000002c5e90}",2015-11-19 14:01:16.330,2015-11-19 14:01:16.330,Track
129,Education,NULL,GC17,"{length = 8, bytes = 0x00000000002c5e91}",2015-11-19 14:01:21.920,2015-11-19 14:01:21.920,Track
130,Energy & the Environment,NULL,GC17,"{length = 8, bytes = 0x00000000002c5e92}",2015-11-19 14:01:27.980,2015-11-19 14:01:27.980,Track
131,Finance,,GC17,"{length = 8, bytes = 0x00000000002d60f6}",2015-11-19 14:01:32.573,2015-11-19 14:01:32.573,Track
132,Government,NULL,GC17,"{length = 8, bytes = 0x00000000002c5e94}",2015-11-19 14:01:38.963,2015-11-19 14:01:38.963,Track
133,Industry,NULL,GC17,"{length = 8, bytes = 0x00000000002c5e95}",2015-11-19 14:01:44.713,2015-11-19 14:01:44.713,Track
134,Jobs & Human Capital,NULL,GC17,"{length = 8, bytes = 0x00000000002c5e96}",2015-11-19 14:01:51.137,2015-11-19 14:01:51.137,Track
135,Media & Technology,NULL,GC17,"{length = 8, bytes = 0x00000000002c5e97}",2015-11-19 14:02:03.510,2015-11-19 14:02:03.510,Track
136,Medical Research & Public Health ,NULL,GC17,"{length = 8, bytes = 0x00000000002c5e98}",2015-11-19 14:02:08.980,2015-11-19 14:02:08.980,Track
137,Philanthropy & Impact Investing,NULL,GC17,"{length = 8, bytes = 0x00000000002c5e99}",2015-11-19 14:02:14.590,2015-11-19 14:02:14.590,Track
138,Regions & Developing Markets,NULL,GC17,"{length = 8, bytes = 0x00000000002c5e9a}",2015-11-19 14:02:21.033,2015-11-19 14:02:21.033,Track
139,Meaningful Lives,,GC17,"{length = 8, bytes = 0x00000000002cff82}",2017-03-15 16:42:41.620,2017-03-15 16:42:41.620,Track
140,Finance Track,,GC17,"{length = 8, bytes = 0x00000000002d60f7}",2017-03-27 12:02:19.240,2017-03-27 12:02:19.240,Track
141,aging,,GC17,"{length = 8, bytes = 0x00000000002d35a3}",2017-04-05 16:08:58.247,2017-04-05 16:08:58.247,Track
142,Finance,NULL,California17,"{length = 8, bytes = 0x00000000002db81e}",2017-10-09 19:38:44.010,2017-10-09 19:38:44.010,NULL
143,Finance,NULL,London17,"{length = 8, bytes = 0x00000000002db849}",2017-10-10 09:57:45.590,2017-10-10 09:57:45.590,NULL
144,Aging & Longevity,NULL,MENA18,"{length = 8, bytes = 0x00000000002df3fb}",2015-11-19 14:01:16.330,2015-11-19 14:01:16.330,Track
145,Education,NULL,MENA18,"{length = 8, bytes = 0x00000000002df3fc}",2015-11-19 14:01:21.920,2015-11-19 14:01:21.920,Track
146,Energy & the Environment,NULL,MENA18,"{length = 8, bytes = 0x00000000002df3fd}",2015-11-19 14:01:27.980,2015-11-19 14:01:27.980,Track
147,Finance,NULL,MENA18,"{length = 8, bytes = 0x00000000002df3fe}",2015-11-19 14:01:32.573,2015-11-19 14:01:32.573,Track
148,Government,NULL,MENA18,"{length = 8, bytes = 0x00000000002df3ff}",2015-11-19 14:01:38.963,2015-11-19 14:01:38.963,Track
149,Industry,NULL,MENA18,"{length = 8, bytes = 0x00000000002df401}",2015-11-19 14:01:44.713,2015-11-19 14:01:44.713,Track
150,Jobs & Human Capital,NULL,MENA18,"{length = 8, bytes = 0x00000000002df402}",2015-11-19 14:01:51.137,2015-11-19 14:01:51.137,Track
151,Media & Technology,NULL,MENA18,"{length = 8, bytes = 0x00000000002df403}",2015-11-19 14:02:03.510,2015-11-19 14:02:03.510,Track
152,Medical Research & Public Health ,NULL,MENA18,"{length = 8, bytes = 0x00000000002df404}",2015-11-19 14:02:08.980,2015-11-19 14:02:08.980,Track
153,Philanthropy & Impact Investing,NULL,MENA18,"{length = 8, bytes = 0x00000000002df405}",2015-11-19 14:02:14.590,2015-11-19 14:02:14.590,Track
154,Regions & Developing Markets,NULL,MENA18,"{length = 8, bytes = 0x00000000002df406}",2015-11-19 14:02:21.033,2015-11-19 14:02:21.033,Track
155,California,NULL,California17,"{length = 8, bytes = 0x00000000002df407}",2018-01-14 14:33:54.737,2018-01-14 14:33:54.737,NULL
156,Aging & Longevity,NULL,GC18,"{length = 8, bytes = 0x00000000002df413}",2015-11-19 14:01:16.330,2015-11-19 14:01:16.330,Track
158,Energy & the Environment,NULL,GC18,"{length = 8, bytes = 0x00000000002df415}",2015-11-19 14:01:27.980,2015-11-19 14:01:27.980,Track
159,Finance,NULL,GC18,"{length = 8, bytes = 0x00000000002df416}",2015-11-19 14:01:32.573,2015-11-19 14:01:32.573,Track
160,Government,NULL,GC18,"{length = 8, bytes = 0x00000000002df417}",2015-11-19 14:01:38.963,2015-11-19 14:01:38.963,Track
161,Industry,NULL,GC18,"{length = 8, bytes = 0x00000000002df418}",2015-11-19 14:01:44.713,2015-11-19 14:01:44.713,Track
162,Jobs & Human Capital,,GC18,"{length = 8, bytes = 0x00000000002e724e}",2015-11-19 14:01:51.137,2015-11-19 14:01:51.137,Track
163,Media & Technology,NULL,GC18,"{length = 8, bytes = 0x00000000002df41a}",2015-11-19 14:02:03.510,2015-11-19 14:02:03.510,Track
164,Medical Research & Public Health ,NULL,GC18,"{length = 8, bytes = 0x00000000002df41b}",2015-11-19 14:02:08.980,2015-11-19 14:02:08.980,Track
165,Philanthropy & Impact Investing,NULL,GC18,"{length = 8, bytes = 0x00000000002df41c}",2015-11-19 14:02:14.590,2015-11-19 14:02:14.590,Track
166,Regions & Developing Markets,NULL,GC18,"{length = 8, bytes = 0x00000000002df41d}",2015-11-19 14:02:21.033,2015-11-19 14:02:21.033,Track
167,Equality,,GC18,"{length = 8, bytes = 0x00000000002e7252}",2018-02-28 14:09:29.770,2018-02-28 14:09:29.770,Track
168,Nutrition & Food,,GC18,"{length = 8, bytes = 0x00000000002e7249}",2018-04-05 17:18:41.383,2018-04-05 17:18:41.383,Track
169,"Human Capital, Jobs & Education",,GC18,"{length = 8, bytes = 0x00000000002e7251}",2018-04-05 17:22:28.507,2018-04-05 17:22:28.507,Track
170,Education,,GC18,"{length = 8, bytes = 0x00000000002e8323}",2018-04-10 18:09:16.747,2018-04-10 18:09:16.747,Track
171,Aging & Longevity,NULL,GC19,"{length = 8, bytes = 0x00000000002f4846}",2015-11-19 14:01:16.330,2015-11-19 14:01:16.330,Track
172,Energy & the Environment,NULL,GC19,"{length = 8, bytes = 0x00000000002f4847}",2015-11-19 14:01:27.980,2015-11-19 14:01:27.980,Track
173,Finance,NULL,GC19,"{length = 8, bytes = 0x00000000002f4848}",2015-11-19 14:01:32.573,2015-11-19 14:01:32.573,Track
174,Government,NULL,GC19,"{length = 8, bytes = 0x00000000002f4849}",2015-11-19 14:01:38.963,2015-11-19 14:01:38.963,Track
175,Industry,NULL,GC19,"{length = 8, bytes = 0x00000000002f484a}",2015-11-19 14:01:44.713,2015-11-19 14:01:44.713,Track
176,Jobs & Human Capital,NULL,GC19,"{length = 8, bytes = 0x00000000002f484b}",2015-11-19 14:01:51.137,2015-11-19 14:01:51.137,Track
177,Media & Technology,NULL,GC19,"{length = 8, bytes = 0x00000000002f484c}",2015-11-19 14:02:03.510,2015-11-19 14:02:03.510,Track
178,Medical Research & Public Health ,NULL,GC19,"{length = 8, bytes = 0x00000000002f484d}",2015-11-19 14:02:08.980,2015-11-19 14:02:08.980,Track
179,Philanthropy & Impact Investing,NULL,GC19,"{length = 8, bytes = 0x00000000002f484e}",2015-11-19 14:02:14.590,2015-11-19 14:02:14.590,Track
180,Regions & Developing Markets,NULL,GC19,"{length = 8, bytes = 0x00000000002f484f}",2015-11-19 14:02:21.033,2015-11-19 14:02:21.033,Track
181,Equality,NULL,GC19,"{length = 8, bytes = 0x00000000002f4850}",2018-02-28 14:09:29.770,2018-02-28 14:09:29.770,Track
182,"Food, Nutrition & Sustainability",,GC19,"{length = 8, bytes = 0x00000000002ffb63}",2018-04-05 17:18:41.383,2018-04-05 17:18:41.383,Track
183,"Human Capital, Jobs & Education",NULL,GC19,"{length = 8, bytes = 0x00000000002f4852}",2018-04-05 17:22:28.507,2018-04-05 17:22:28.507,Track
184,Education,NULL,GC19,"{length = 8, bytes = 0x00000000002f4853}",2018-04-10 18:09:16.747,2018-04-10 18:09:16.747,Track
185,Aging & Longevity,NULL,GC21,"{length = 8, bytes = 0x000000000031c6f8}",2015-11-19 14:01:16.330,2015-11-19 14:01:16.330,Track
186,Energy & the Environment,NULL,GC21,"{length = 8, bytes = 0x000000000031c6f9}",2015-11-19 14:01:27.980,2015-11-19 14:01:27.980,Track
187,Finance,NULL,GC21,"{length = 8, bytes = 0x000000000031c6fa}",2015-11-19 14:01:32.573,2015-11-19 14:01:32.573,Track
188,Government,NULL,GC21,"{length = 8, bytes = 0x000000000031c6fb}",2015-11-19 14:01:38.963,2015-11-19 14:01:38.963,Track
189,Industry,NULL,GC21,"{length = 8, bytes = 0x000000000031c6fc}",2015-11-19 14:01:44.713,2015-11-19 14:01:44.713,Track
190,Jobs & Human Capital,NULL,GC21,"{length = 8, bytes = 0x000000000031c6fd}",2015-11-19 14:01:51.137,2015-11-19 14:01:51.137,Track
191,Media & Technology,NULL,GC21,"{length = 8, bytes = 0x000000000031c6fe}",2015-11-19 14:02:03.510,2015-11-19 14:02:03.510,Track
192,Medical Research & Public Health ,NULL,GC21,"{length = 8, bytes = 0x000000000031c6ff}",2015-11-19 14:02:08.980,2015-11-19 14:02:08.980,Track
193,Philanthropy & Impact Investing,NULL,GC21,"{length = 8, bytes = 0x000000000031c701}",2015-11-19 14:02:14.590,2015-11-19 14:02:14.590,Track
194,Regions & Developing Markets,NULL,GC21,"{length = 8, bytes = 0x000000000031c702}",2015-11-19 14:02:21.033,2015-11-19 14:02:21.033,Track
195,Equality,NULL,GC21,"{length = 8, bytes = 0x000000000031c703}",2018-02-28 14:09:29.770,2018-02-28 14:09:29.770,Track
196,"Food, Nutrition & Sustainability",NULL,GC21,"{length = 8, bytes = 0x000000000031c704}",2018-04-05 17:18:41.383,2018-04-05 17:18:41.383,Track
197,"Human Capital, Jobs, & Education",,GC21,"{length = 8, bytes = 0x000000000031c705}",2018-04-05 17:22:28.507,2018-04-05 17:22:28.507,Track
198,Education,NULL,GC21,"{length = 8, bytes = 0x000000000031c706}",2018-04-10 18:09:16.747,2018-04-10 18:09:16.747,Track
199,Business & Industry,,GC21,"{length = 8, bytes = 0x000000000031c707}",2020-01-23 13:04:56.367,2020-01-23 13:04:56.367,Track
200,Capital Access & Economic Opportunity,,GC21,"{length = 8, bytes = 0x000000000031c708}",2020-01-23 13:05:11.770,2020-01-23 13:05:11.770,Track
201,"Diversity, Equality, & Inclusion",,GC21,"{length = 8, bytes = 0x000000000031c709}",2020-01-23 13:05:29.990,2020-01-23 13:05:29.990,Track
202,Financial Markets,,GC21,"{length = 8, bytes = 0x000000000031c70a}",2020-01-23 13:05:36.250,2020-01-23 13:05:36.250,Track
204,Health & Medical Research,,GC21,"{length = 8, bytes = 0x000000000031c70b}",2020-01-23 13:05:57.687,2020-01-23 13:05:57.687,Track
205,Philanthropy & Social Impact,,GC21,"{length = 8, bytes = 0x000000000031c70c}",2020-01-23 13:07:37.210,2020-01-23 13:07:37.210,Track
206,"Policy, Politics, & Regulation",,GC21,"{length = 8, bytes = 0x000000000031c70d}",2020-01-23 13:07:48.987,2020-01-23 13:07:48.987,Track
207,Sustainability & Environment,,GC21,"{length = 8, bytes = 0x000000000031c70e}",2020-01-23 13:08:11.617,2020-01-23 13:08:11.617,Track
208,Society & Culture,,GC21,"{length = 8, bytes = 0x000000000031c70f}",2020-01-23 13:08:17.950,2020-01-23 13:08:17.950,Track
209,Technology & Innovation,,GC21,"{length = 8, bytes = 0x000000000031c710}",2020-01-23 13:08:26.927,2020-01-23 13:08:26.927,Track
210,Aging & Longevity,NULL,CALL,"{length = 8, bytes = 0x0000000000317c5b}",2015-11-19 14:01:16.330,2015-11-19 14:01:16.330,Track
211,Energy & the Environment,NULL,CALL,"{length = 8, bytes = 0x0000000000317c5c}",2015-11-19 14:01:27.980,2015-11-19 14:01:27.980,Track
212,Finance,NULL,CALL,"{length = 8, bytes = 0x0000000000317c5d}",2015-11-19 14:01:32.573,2015-11-19 14:01:32.573,Track
213,Government,NULL,CALL,"{length = 8, bytes = 0x0000000000317c5e}",2015-11-19 14:01:38.963,2015-11-19 14:01:38.963,Track
214,Industry,NULL,CALL,"{length = 8, bytes = 0x0000000000317c5f}",2015-11-19 14:01:44.713,2015-11-19 14:01:44.713,Track
215,Jobs & Human Capital,NULL,CALL,"{length = 8, bytes = 0x0000000000317c60}",2015-11-19 14:01:51.137,2015-11-19 14:01:51.137,Track
216,Media & Technology,NULL,CALL,"{length = 8, bytes = 0x0000000000317c61}",2015-11-19 14:02:03.510,2015-11-19 14:02:03.510,Track
217,Medical Research & Public Health ,NULL,CALL,"{length = 8, bytes = 0x0000000000317c62}",2015-11-19 14:02:08.980,2015-11-19 14:02:08.980,Track
218,Philanthropy & Impact Investing,NULL,CALL,"{length = 8, bytes = 0x0000000000317c63}",2015-11-19 14:02:14.590,2015-11-19 14:02:14.590,Track
219,Regions & Developing Markets,NULL,CALL,"{length = 8, bytes = 0x0000000000317c64}",2015-11-19 14:02:21.033,2015-11-19 14:02:21.033,Track
220,Equality,NULL,CALL,"{length = 8, bytes = 0x0000000000317c65}",2018-02-28 14:09:29.770,2018-02-28 14:09:29.770,Track
221,"Food, Nutrition & Sustainability",NULL,CALL,"{length = 8, bytes = 0x0000000000317c66}",2018-04-05 17:18:41.383,2018-04-05 17:18:41.383,Track
222,"Human Capital, Jobs, & Education",NULL,CALL,"{length = 8, bytes = 0x0000000000317c67}",2018-04-05 17:22:28.507,2018-04-05 17:22:28.507,Track
223,Education,NULL,CALL,"{length = 8, bytes = 0x0000000000317c68}",2018-04-10 18:09:16.747,2018-04-10 18:09:16.747,Track
224,Business & Industry,NULL,CALL,"{length = 8, bytes = 0x0000000000317c69}",2020-01-23 13:04:56.367,2020-01-23 13:04:56.367,Track
225,Capital Access & Economic Opportunity,NULL,CALL,"{length = 8, bytes = 0x0000000000317c6a}",2020-01-23 13:05:11.770,2020-01-23 13:05:11.770,Track
226,"Diversity, Equality, & Inclusion",NULL,CALL,"{length = 8, bytes = 0x0000000000317c6b}",2020-01-23 13:05:29.990,2020-01-23 13:05:29.990,Track
227,Financial Markets,NULL,CALL,"{length = 8, bytes = 0x0000000000317c6c}",2020-01-23 13:05:36.250,2020-01-23 13:05:36.250,Track
228,Health & Medical Research,NULL,CALL,"{length = 8, bytes = 0x0000000000317c6d}",2020-01-23 13:05:57.687,2020-01-23 13:05:57.687,Track
229,Philanthropy & Social Impact,NULL,CALL,"{length = 8, bytes = 0x0000000000317c6e}",2020-01-23 13:07:37.210,2020-01-23 13:07:37.210,Track
230,"Policy, Politics, & Regulation",NULL,CALL,"{length = 8, bytes = 0x0000000000317c6f}",2020-01-23 13:07:48.987,2020-01-23 13:07:48.987,Track
231,Sustainability & Environment,NULL,CALL,"{length = 8, bytes = 0x0000000000317c70}",2020-01-23 13:08:11.617,2020-01-23 13:08:11.617,Track
232,Society & Culture,NULL,CALL,"{length = 8, bytes = 0x0000000000317c71}",2020-01-23 13:08:17.950,2020-01-23 13:08:17.950,Track
233,Technology & Innovation,NULL,CALL,"{length = 8, bytes = 0x0000000000317c72}",2020-01-23 13:08:26.927,2020-01-23 13:08:26.927,Track
234,Finance,NULL,Summer20,"{length = 8, bytes = 0x0000000000318b8a}",2020-05-18 15:31:18.127,2020-05-18 15:31:18.127,NULL
235,Health,NULL,Summer20,"{length = 8, bytes = 0x0000000000318b8b}",2020-05-18 15:31:26.183,2020-05-18 15:31:26.183,NULL
236,Other,NULL,Summer20,"{length = 8, bytes = 0x0000000000318b8c}",2020-05-18 15:31:40.450,2020-05-18 15:31:40.450,NULL
237,Aging Population,NULL,Summer20,"{length = 8, bytes = 0x0000000000319358}",2020-05-27 10:25:14.270,2020-06-03 17:55:29.000,NULL
238,Biomedical Innovation,NULL,Summer20,"{length = 8, bytes = 0x0000000000319359}",2020-06-03 17:55:52.720,2020-06-03 17:55:52.720,NULL
239,Capital Markets,NULL,Summer20,"{length = 8, bytes = 0x000000000031935a}",2020-06-03 17:55:59.170,2020-06-03 17:55:59.170,NULL
240,Credit Markets,NULL,Summer20,"{length = 8, bytes = 0x000000000031935b}",2020-06-03 17:56:07.410,2020-06-03 17:56:07.410,NULL
241,Private Equity,NULL,Summer20,"{length = 8, bytes = 0x000000000031935c}",2020-06-03 17:56:14.513,2020-06-03 17:56:14.513,NULL
242,Technology,NULL,Summer20,"{length = 8, bytes = 0x000000000031935d}",2020-06-03 17:56:21.250,2020-06-03 17:56:21.250,NULL
243,Education,NULL,Summer20,"{length = 8, bytes = 0x000000000031935e}",2020-06-03 17:56:26.930,2020-06-03 17:56:26.930,NULL
244,Emerging Markets,NULL,Summer20,"{length = 8, bytes = 0x000000000031935f}",2020-06-03 17:56:34.260,2020-06-03 17:56:34.260,NULL
245,Energy and Environment,NULL,Summer20,"{length = 8, bytes = 0x0000000000319360}",2020-06-03 17:56:43.140,2020-06-03 17:56:43.140,NULL
246,Financial Market Regulation,NULL,Summer20,"{length = 8, bytes = 0x0000000000319361}",2020-06-03 17:56:50.803,2020-06-03 17:56:50.803,NULL
247,FinTech,NULL,Summer20,"{length = 8, bytes = 0x0000000000319362}",2020-06-03 17:56:57.353,2020-06-03 17:56:57.353,NULL
248,Healthcare,NULL,Summer20,"{length = 8, bytes = 0x0000000000319363}",2020-06-03 17:57:02.847,2020-06-03 17:57:02.847,NULL
249,Infrastructure Development,NULL,Summer20,"{length = 8, bytes = 0x0000000000319364}",2020-06-03 17:57:09.440,2020-06-03 17:57:09.440,NULL
250,Job Creation & Workforce,NULL,Summer20,"{length = 8, bytes = 0x0000000000319365}",2020-06-03 17:57:15.953,2020-06-03 17:57:15.953,NULL
251,Medical Research,NULL,Summer20,"{length = 8, bytes = 0x0000000000319366}",2020-06-03 17:57:21.930,2020-06-03 17:57:21.930,NULL
252,SME Finance,NULL,Summer20,"{length = 8, bytes = 0x0000000000319367}",2020-06-03 17:57:28.653,2020-06-03 17:57:28.653,NULL
253,Pensions and Retirement,NULL,Summer20,"{length = 8, bytes = 0x0000000000319368}",2020-06-03 17:57:35.437,2020-06-03 17:57:35.437,NULL
254,Philanthropy,NULL,Summer20,"{length = 8, bytes = 0x0000000000319369}",2020-06-03 17:57:41.740,2020-06-03 17:57:41.740,NULL
255,Public Policy,NULL,Summer20,"{length = 8, bytes = 0x000000000031936a}",2020-06-03 17:57:51.583,2020-06-03 17:57:51.583,NULL
256,Aging & Longevity,NULL,GC20,"{length = 8, bytes = 0x000000000031c711}",2015-11-19 14:01:16.330,2015-11-19 14:01:16.330,Track
257,Energy & the Environment,NULL,GC20,"{length = 8, bytes = 0x000000000031c712}",2015-11-19 14:01:27.980,2015-11-19 14:01:27.980,Track
258,Finance,NULL,GC20,"{length = 8, bytes = 0x000000000031c713}",2015-11-19 14:01:32.573,2015-11-19 14:01:32.573,Track
259,Government,NULL,GC20,"{length = 8, bytes = 0x000000000031c714}",2015-11-19 14:01:38.963,2015-11-19 14:01:38.963,Track
260,Industry,NULL,GC20,"{length = 8, bytes = 0x000000000031c715}",2015-11-19 14:01:44.713,2015-11-19 14:01:44.713,Track
261,Jobs & Human Capital,NULL,GC20,"{length = 8, bytes = 0x000000000031c716}",2015-11-19 14:01:51.137,2015-11-19 14:01:51.137,Track
262,Media & Technology,NULL,GC20,"{length = 8, bytes = 0x000000000031c717}",2015-11-19 14:02:03.510,2015-11-19 14:02:03.510,Track
263,Medical Research & Public Health ,NULL,GC20,"{length = 8, bytes = 0x000000000031c718}",2015-11-19 14:02:08.980,2015-11-19 14:02:08.980,Track
264,Philanthropy & Impact Investing,NULL,GC20,"{length = 8, bytes = 0x000000000031c719}",2015-11-19 14:02:14.590,2015-11-19 14:02:14.590,Track
265,Regions & Developing Markets,NULL,GC20,"{length = 8, bytes = 0x000000000031c71a}",2015-11-19 14:02:21.033,2015-11-19 14:02:21.033,Track
266,Equality,NULL,GC20,"{length = 8, bytes = 0x000000000031c71b}",2018-02-28 14:09:29.770,2018-02-28 14:09:29.770,Track
267,"Food, Nutrition & Sustainability",NULL,GC20,"{length = 8, bytes = 0x000000000031c71c}",2018-04-05 17:18:41.383,2018-04-05 17:18:41.383,Track
268,"Human Capital, Jobs, & Education",NULL,GC20,"{length = 8, bytes = 0x000000000031c71d}",2018-04-05 17:22:28.507,2018-04-05 17:22:28.507,Track
269,Education,NULL,GC20,"{length = 8, bytes = 0x000000000031c71e}",2018-04-10 18:09:16.747,2018-04-10 18:09:16.747,Track
270,Business & Industry,NULL,GC20,"{length = 8, bytes = 0x000000000031c71f}",2020-01-23 13:04:56.367,2020-01-23 13:04:56.367,Track
271,Capital Access & Economic Opportunity,NULL,GC20,"{length = 8, bytes = 0x000000000031c720}",2020-01-23 13:05:11.770,2020-01-23 13:05:11.770,Track
272,"Diversity, Equity, & Inclusion",NULL,GC20,"{length = 8, bytes = 0x000000000031c721}",2020-01-23 13:05:29.990,2020-08-10 15:54:40.000,Track
273,Financial Markets,NULL,GC20,"{length = 8, bytes = 0x000000000031c722}",2020-01-23 13:05:36.250,2020-01-23 13:05:36.250,Track
274,Health & Medical Research,NULL,GC20,"{length = 8, bytes = 0x000000000031c723}",2020-01-23 13:05:57.687,2020-01-23 13:05:57.687,Track
275,Philanthropy & Social Impact,NULL,GC20,"{length = 8, bytes = 0x000000000031c724}",2020-01-23 13:07:37.210,2020-01-23 13:07:37.210,Track
276,"Policy, Politics, & Regulation",NULL,GC20,"{length = 8, bytes = 0x000000000031c725}",2020-01-23 13:07:48.987,2020-01-23 13:07:48.987,Track
277,Sustainability & Environment,NULL,GC20,"{length = 8, bytes = 0x000000000031c726}",2020-01-23 13:08:11.617,2020-01-23 13:08:11.617,Track
278,Society & Culture,NULL,GC20,"{length = 8, bytes = 0x000000000031c727}",2020-01-23 13:08:17.950,2020-01-23 13:08:17.950,Track
279,Technology & Innovation,NULL,GC20,"{length = 8, bytes = 0x000000000031c728}",2020-01-23 13:08:26.927,2020-01-23 13:08:26.927,Track
280,"Diversity, Equity, & Inclusion | Presented by Citi",,GC20,"{length = 8, bytes = 0x0000000000320c1c}",2020-09-29 16:53:10.763,2020-09-29 16:53:10.763,Track
281,Aging & Longevity,NULL,VF21,"{length = 8, bytes = 0x0000000000326330}",2015-11-19 14:01:16.330,2015-11-19 14:01:16.330,Track
282,Energy & the Environment,NULL,VF21,"{length = 8, bytes = 0x0000000000326331}",2015-11-19 14:01:27.980,2015-11-19 14:01:27.980,Track
283,Finance,NULL,VF21,"{length = 8, bytes = 0x0000000000326332}",2015-11-19 14:01:32.573,2015-11-19 14:01:32.573,Track
284,Government,NULL,VF21,"{length = 8, bytes = 0x0000000000326333}",2015-11-19 14:01:38.963,2015-11-19 14:01:38.963,Track
285,Industry,NULL,VF21,"{length = 8, bytes = 0x0000000000326334}",2015-11-19 14:01:44.713,2015-11-19 14:01:44.713,Track
286,Jobs & Human Capital,NULL,VF21,"{length = 8, bytes = 0x0000000000326335}",2015-11-19 14:01:51.137,2015-11-19 14:01:51.137,Track
287,Media & Technology,NULL,VF21,"{length = 8, bytes = 0x0000000000326336}",2015-11-19 14:02:03.510,2015-11-19 14:02:03.510,Track
288,Medical Research & Public Health ,NULL,VF21,"{length = 8, bytes = 0x0000000000326337}",2015-11-19 14:02:08.980,2015-11-19 14:02:08.980,Track
289,Philanthropy & Impact Investing,NULL,VF21,"{length = 8, bytes = 0x0000000000326338}",2015-11-19 14:02:14.590,2015-11-19 14:02:14.590,Track
290,Regions & Developing Markets,NULL,VF21,"{length = 8, bytes = 0x0000000000326339}",2015-11-19 14:02:21.033,2015-11-19 14:02:21.033,Track
291,Equality,NULL,VF21,"{length = 8, bytes = 0x000000000032633a}",2018-02-28 14:09:29.770,2018-02-28 14:09:29.770,Track
292,"Food, Nutrition & Sustainability",NULL,VF21,"{length = 8, bytes = 0x000000000032633b}",2018-04-05 17:18:41.383,2018-04-05 17:18:41.383,Track
293,"Human Capital, Jobs, & Education",NULL,VF21,"{length = 8, bytes = 0x000000000032633c}",2018-04-05 17:22:28.507,2018-04-05 17:22:28.507,Track
294,Education,NULL,VF21,"{length = 8, bytes = 0x000000000032633d}",2018-04-10 18:09:16.747,2018-04-10 18:09:16.747,Track
295,Business & Industry,NULL,VF21,"{length = 8, bytes = 0x000000000032633e}",2020-01-23 13:04:56.367,2020-01-23 13:04:56.367,Track
296,Capital Access & Economic Opportunity,NULL,VF21,"{length = 8, bytes = 0x000000000032633f}",2020-01-23 13:05:11.770,2020-01-23 13:05:11.770,Track
297,"Diversity, Equity, & Inclusion",NULL,VF21,"{length = 8, bytes = 0x0000000000326340}",2020-01-23 13:05:29.990,2020-08-10 15:54:40.000,Track
298,Financial Markets,NULL,VF21,"{length = 8, bytes = 0x0000000000326341}",2020-01-23 13:05:36.250,2020-01-23 13:05:36.250,Track
299,Health & Medical Research,NULL,VF21,"{length = 8, bytes = 0x0000000000326342}",2020-01-23 13:05:57.687,2020-01-23 13:05:57.687,Track
300,Philanthropy & Social Impact,NULL,VF21,"{length = 8, bytes = 0x0000000000326343}",2020-01-23 13:07:37.210,2020-01-23 13:07:37.210,Track
301,"Policy, Politics, & Regulation",NULL,VF21,"{length = 8, bytes = 0x0000000000326344}",2020-01-23 13:07:48.987,2020-01-23 13:07:48.987,Track
302,Sustainability & Environment,NULL,VF21,"{length = 8, bytes = 0x0000000000326345}",2020-01-23 13:08:11.617,2020-01-23 13:08:11.617,Track
303,Society & Culture,NULL,VF21,"{length = 8, bytes = 0x0000000000326346}",2020-01-23 13:08:17.950,2020-01-23 13:08:17.950,Track
304,Technology & Innovation,NULL,VF21,"{length = 8, bytes = 0x0000000000326347}",2020-01-23 13:08:26.927,2020-01-23 13:08:26.927,Track
